TEC_N_Aver_pred;B1_N_Aver_pred;B1_Reconciled;B1_Delta;B2_N_Aver_pred;B2_Reconciled;B2_Delta;B3_N_Aver_pred;B3_Reconciled;B3_Delta;B4_N_Aver_pred;B4_Reconciled;B4_Delta;Sum_Check;Total_Error_Before;Total_Error_After
810.560791015625;210.30993221192674;214.27132382591557;3.9613916139888374;-7.869595304586463e-05;0.0;7.869595304586463e-05;198.2510411061999;202.21243272018873;3.9613916139888374;390.1156428555318;394.0770344695207;3.9613916139888943;810.560791015625;-11.884253537919676;0.0
807.9918212890625;210.3657852102299;214.83158188810793;4.465796677878046;-7.628694425516427e-05;0.0;7.628694425516427e-05;197.25133488903236;201.7171315669104;4.465796677878046;386.977311156166;391.4431078340441;4.465796677878075;807.9918212890625;-13.397466320578474;0.0
809.6344604492188;210.30993221192674;214.26395261256204;3.954020400635301;-7.903662719817948e-05;0.0;7.903662719817948e-05;197.34682417985428;201.30084458048958;3.954020400635301;390.1156428555318;394.0696632561671;3.9540204006352724;809.6344604492188;-11.86214023853313;0.0
813.9180908203125;210.30993221192674;213.57607827631054;3.266146064383804;-7.805843709888476e-05;0.0;7.805843709888476e-05;199.91051668230816;203.17666274669196;3.266146064383804;393.89920373292625;397.16534979731006;3.266146064383804;813.9180908203125;-9.798516251588467;0.0
802.4150390625;210.33126285911766;214.5306928291078;4.199429969990149;-7.367086761619515e-05;0.0;7.367086761619515e-05;198.0753053005234;202.27473527051356;4.199429969990149;381.41018099288857;385.60961096287866;4.199429969990092;802.4150390625;-12.59836358083794;0.0
794.3935546875;205.74389000840776;213.69968656417115;7.955796555763385;-6.869906533840687e-05;0.0;6.869906533840687e-05;192.04063254453183;199.99642910029525;7.955796555763413;372.74164246727025;380.69743902303367;7.955796555763413;794.3935546875;-23.86745836635555;0.0
788.357177734375;203.3682268436463;209.76028158561576;6.392054741969446;-8.183090801844317e-05;0.0;8.183090801844317e-05;193.07114419755015;199.4631989395196;6.392054741969446;372.74164246727025;379.1336972092397;6.392054741969446;788.357177734375;-19.176246056816353;0.0
791.3529663085938;204.8327564000634;212.09288769788859;7.260131297825183;-7.70546933229675e-05;0.0;7.70546933229675e-05;191.99817354778457;199.25830484560976;7.260131297825183;372.74164246727025;380.00177376509544;7.260131297825183;791.3529663085938;-21.78047094816884;0.0
423.47802734375;210.02251869171033;217.96405415740261;7.941535465692283;-6.530149045455824e-05;0.0;6.530149045455824e-05;197.57243772065507;205.51397318634736;7.941535465692283;4.591120249785382;0.0;-4.591120249785382;423.47802734375;-11.292015983089641;0.0
425.91461181640625;210.27633277985456;219.66861651642145;9.392283736566895;-6.508224433493148e-05;0.0;6.508224433493148e-05;196.85371156341793;206.24599529998483;9.392283736566895;4.591120249785382;0.0;-4.591120249785382;425.91461181640625;-14.19351230559272;0.0
422.44329833984375;209.89104268472389;217.25477670496196;7.36373402023807;-6.530149045455824e-05;0.0;6.530149045455824e-05;197.82478761464375;205.18852163488182;7.36373402023807;4.591120249785382;0.0;-4.591120249785382;422.44329833984375;-10.136413092181215;0.0
426.8063049316406;210.27633277985456;220.17013040913295;9.893797629278396;-6.501299959625177e-05;0.0;6.501299959625177e-05;196.7423768932293;206.6361745225077;9.893797629278396;4.591120249785382;0.0;-4.591120249785382;426.8063049316406;-15.196540021770943;0.0
438.2904357910156;210.46306245394567;221.87814724753457;11.415084793588903;-8.73530829197289e-05;0.0;8.73530829197289e-05;204.99720374989212;216.41228854348103;11.415084793588903;4.591120249785382;0.0;-4.591120249785382;438.2904357910156;-18.23913669047539;0.0
438.11041259765625;210.46306245394567;221.78813565085488;11.325073196909216;-8.73530829197289e-05;0.0;8.73530829197289e-05;204.99720374989212;216.32227694680134;11.325073196909216;4.591120249785382;0.0;-4.591120249785382;438.11041259765625;-18.059113497116016;0.0
436.5771789550781;210.45081385923126;221.94933620794382;11.498522348712555;-8.520427918619598e-05;0.0;8.520427918619598e-05;203.12932039842173;214.62784274713428;11.498522348712555;4.591120249785382;0.0;-4.591120249785382;436.5771789550781;-18.406009651918907;0.0
437.2109680175781;210.5170582949037;222.29935295703004;11.782294662126333;-8.493561267044367e-05;0.0;8.493561267044367e-05;203.12932039842173;214.91161506054806;11.782294662126333;4.591120249785382;0.0;-4.591120249785382;437.2109680175781;-18.973554010079965;0.0
437.6690673828125;210.5170582949037;221.9705889031971;11.453530608293391;-8.747369193617565e-05;0.0;8.747369193617565e-05;204.24494787132198;215.69847847961537;11.453530608293391;4.591120249785382;0.0;-4.591120249785382;437.6690673828125;-18.31602844049337;0.0
442.2093200683594;210.85807285303187;222.71288700316936;11.854814150137486;-8.687746002459142e-05;0.0;8.687746002459142e-05;207.64161891505253;219.49643306519002;11.854814150137486;5.240396597997859;0.0;-5.240396597997859;442.2093200683594;-18.46931857973715;0.0
440.762451171875;210.85807285303187;222.6610084467486;11.80293559371674;-8.148561490943051e-05;0.0;8.148561490943051e-05;206.29850713140962;218.10144272512636;11.80293559371674;5.240396597997859;0.0;-5.240396597997859;440.762451171875;-18.365556075050563;0.0
442.1517028808594;210.85807285303187;222.65796680361348;11.799893950581605;-8.687746002459142e-05;0.0;8.687746002459142e-05;207.6938421266643;219.4937360772459;11.799893950581605;5.240396597997859;0.0;-5.240396597997859;442.1517028808594;-18.359478180625388;0.0
427.0777893066406;210.29406494208294;220.76852671468723;10.474461772604286;-6.501299959625177e-05;0.0;6.501299959625177e-05;195.8348008193491;206.3092625919534;10.474461772604286;4.591120249785382;0.0;-4.591120249785382;427.0777893066406;-16.35786830842278;0.0
415.28118896484375;203.4068470687583;209.34305827476086;5.936211206002554;-7.165776379796127e-05;0.0;7.165776379796127e-05;200.00191948408033;205.9381306900829;5.936211206002554;4.591120249785382;0.0;-4.591120249785382;415.28118896484375;-7.281373819983514;0.0
417.4737243652344;204.83542020633888;212.26971838502334;7.4342981786844575;-6.293900836563266e-05;0.0;6.293900836563266e-05;197.76970780152658;205.20400598021104;7.4342981786844575;4.591120249785382;0.0;-4.591120249785382;417.4737243652344;-10.277539046591869;0.0
410.2590637207031;200.83141370616912;202.32472555288103;1.4933118467119186;-7.20158360104648e-05;0.0;7.20158360104648e-05;206.44102632111014;207.93433816782206;1.4933118467119186;4.591120249785382;0.0;-4.591120249785382;410.2590637207031;1.6044245405255424;0.0
768.799072265625;200.45246751979707;203.67260558212925;3.2201380623321825;-7.187019232920515e-05;0.0;7.187019232920515e-05;206.44102632111014;209.66116438344233;3.2201380623321825;352.24516423772116;355.4653023000534;3.2201380623322393;768.799072265625;-9.660486057189019;0.0
572.461181640625;0.0;0.0;0.0;-6.957026755593933e-05;0.0;6.957026755593933e-05;205.02085950310308;213.99373600906733;8.972876505964251;349.4945691255934;358.4674456315576;8.972876505964223;572.461181640625;-17.945822582196115;0.0
560.9884643554688;0.0;0.0;0.0;-8.413172809955572e-05;0.0;8.413172809955572e-05;199.55751800097903;205.88446237641313;6.3269443754340955;348.77705760362153;355.1040019790556;6.3269443754340955;560.9884643554688;-12.653972882596236;0.0
592.9917602539062;0.0;0.0;0.0;-6.533943673449524e-05;0.0;6.533943673449524e-05;197.9258559393661;219.84990218401043;21.92404624464433;351.21781182525154;373.1418580698959;21.92404624464433;592.9917602539062;-43.848157828725334;0.0
594.7283935546875;0.0;0.0;0.0;-6.530149045455824e-05;0.0;6.530149045455824e-05;197.68175358076934;223.40149703230625;25.719743451536914;345.6071530708444;371.3268965223813;25.719743451536885;594.7283935546875;-51.43955220456428;0.0
592.2411499023438;0.0;0.0;0.0;-6.533943673449524e-05;0.0;6.533943673449524e-05;198.09256590838507;219.55795199273862;21.465386084353554;351.21781182525154;372.6831979096051;21.465386084353554;592.2411499023438;-42.930837508143895;0.0
593.4852905273438;0.0;0.0;0.0;-6.533943673449524e-05;0.0;6.533943673449524e-05;197.82478761464375;220.046133158368;22.221345543724254;351.21781182525154;373.43915736897577;22.221345543724226;593.4852905273438;-44.442756426885126;0.0
597.8718872070312;0.0;0.0;0.0;-6.508224433493148e-05;0.0;6.508224433493148e-05;197.09576494209475;223.23741470641392;26.14164976431917;348.4928227362982;374.63447250061733;26.14164976431914;597.8718872070312;-52.2833646108827;0.0
603.116943359375;0.0;0.0;0.0;-6.764480107883484e-05;0.0;6.764480107883484e-05;196.1551608527201;221.90640104807096;25.751240195350874;355.4593021159531;381.210542311304;25.751240195350874;603.116943359375;-51.502548035502855;0.0
607.3380737304688;0.0;0.0;0.0;-6.389553705521751e-05;0.0;6.389553705521751e-05;199.45613978594162;223.54085838062673;24.084718594685114;359.7124967551569;383.797215349842;24.084718594685114;607.3380737304688;-48.169501084907324;0.0
608.3035888671875;0.0;0.0;0.0;-6.651519253167497e-05;0.0;6.651519253167497e-05;199.436242629068;224.13744120240867;24.701198573340662;359.4649490914382;384.16614766477886;24.701198573340662;608.3035888671875;-49.40246366187387;0.0
596.9054565429688;0.0;0.0;0.0;-6.790300766379637e-05;0.0;6.790300766379637e-05;197.09576494209475;222.75419937438264;25.65843443228789;348.4928227362982;374.1512571685861;25.65843443228789;596.9054565429688;-51.31693676758346;0.0
594.5614013671875;0.0;0.0;0.0;-6.530149045455824e-05;0.0;6.530149045455824e-05;197.68175358076934;223.31800093855625;25.636247357786914;345.6071530708444;371.2434004286313;25.636247357786885;594.5614013671875;-51.27256001706428;0.0
604.031494140625;0.0;0.0;0.0;-7.03944840218501e-05;0.0;7.03944840218501e-05;196.36728382142556;221.60024668155455;25.232962860128993;357.1982845989414;382.4312474590704;25.232962860128964;604.031494140625;-50.46599611474198;0.0
587.787841796875;0.0;0.0;0.0;-5.8550425954824384e-05;0.0;5.8550425954824384e-05;192.02045261237416;218.9231678536893;26.90271524131515;341.9619587018705;368.86467394318566;26.90271524131515;587.787841796875;-53.80548903305635;0.0
574.9395141601562;0.0;0.0;0.0;-6.477590275159493e-05;0.0;6.477590275159493e-05;186.53065826116082;208.5425554074503;22.01189714628947;344.3850616064165;366.396958752706;22.01189714628947;574.9395141601562;-44.02385906848167;0.0
572.8834838867188;0.0;0.0;0.0;-6.220713830320004e-05;0.0;6.220713830320004e-05;185.51608063695733;203.02121726304765;17.50513662609032;352.35712999758084;369.86226662367113;17.50513662609029;572.8834838867188;-35.01033545931887;0.0
577.8561401367188;0.0;0.0;0.0;-5.899035387858728e-05;0.0;5.899035387858728e-05;188.26248943112796;213.05574657652625;24.793257145398286;340.00713641479416;364.80039356019245;24.793257145398286;577.8561401367188;-49.58657328115055;0.0
589.186279296875;0.0;0.0;0.0;-6.130010889783958e-05;0.0;6.130010889783958e-05;192.83385914822176;219.15959863011898;26.325739481897216;343.70094118485883;370.026680666756;26.325739481897187;589.186279296875;-52.65154026390337;0.0
583.1012573242188;0.0;0.0;0.0;-5.88090953762613e-05;0.0;5.88090953762613e-05;190.68189549753342;218.44365220566652;27.761756708133106;336.89584841041915;364.6576051185522;27.761756708133078;583.1012573242188;-55.52357222536159;0.0
591.8735961914062;0.0;0.0;0.0;-6.33392484757902e-05;0.0;6.33392484757902e-05;196.1009332149886;220.87968803266028;24.778754817671683;346.2151533410743;370.99390815874597;24.778754817671654;591.8735961914062;-49.557572974591835;0.0
588.49365234375;0.0;0.0;0.0;-6.130010889783958e-05;0.0;6.130010889783958e-05;192.74250640066123;218.7676087797762;26.02510237911497;343.70094118485883;369.7260435639738;26.02510237911497;588.49365234375;-52.05026605833882;0.0
580.4262084960938;0.0;0.0;0.0;-5.889983664852458e-05;0.0;5.889983664852458e-05;189.58625954658515;217.5084943602317;27.922234813646554;334.9954793222156;362.9177141358621;27.922234813646526;580.4262084960939;-55.84452852712968;1.1368683772161603e-13
582.7943725585938;0.0;0.0;0.0;-5.88090953762613e-05;0.0;5.88090953762613e-05;190.29541159142588;219.04715241390204;28.751740822476165;334.9954793222156;363.74722014469177;28.751740822476165;582.7943725585938;-57.50354045404765;0.0
585.8455810546875;0.0;0.0;0.0;-5.8594344142725685e-05;0.0;5.8594344142725685e-05;192.04261748098622;219.13044873365615;27.08783125266993;339.62730106836136;366.7151323210313;27.087831252669957;585.8455810546875;-54.1757210996841;0.0
573.2513427734375;0.0;0.0;0.0;-6.217458465591804e-05;0.0;6.217458465591804e-05;185.51608063695733;202.48541381365624;16.96933317669891;353.7965957830824;370.7659289597813;16.96933317669891;573.2513427734375;-33.93872852798245;0.0
570.0311279296875;0.0;0.0;0.0;-6.527676155508525e-05;0.0;6.527676155508525e-05;182.91825394720271;200.2961259396547;17.377871992451986;352.35712999758084;369.7350019900328;17.377871992451958;570.0311279296875;-34.75580926166549;0.0
576.3685913085938;0.0;0.0;0.0;-5.903062972408071e-05;0.0;5.903062972408071e-05;188.4294803272235;212.39546761051156;23.965987283288058;340.00713641479416;363.9731236980822;23.96598728328803;576.3685913085938;-47.93203359720587;0.0
567.5302734375;0.0;0.0;0.0;-6.54764031932892e-05;0.0;6.54764031932892e-05;182.91825394720271;199.04569869356095;16.127444746358236;352.35712999758084;368.48457474393905;16.127444746358208;567.5302734375;-32.25495496911958;0.0
559.3203125;0.0;0.0;0.0;-6.312118764491674e-05;0.0;6.312118764491674e-05;180.61315435881937;195.0636915103062;14.450537151486827;349.80608383820703;364.25662098969383;14.450537151486799;559.3203125;-28.90113742416122;0.0
569.187744140625;0.0;0.0;0.0;-6.538118352254744e-05;0.0;6.538118352254744e-05;182.91825394720271;199.87443404512345;16.956180097920736;352.35712999758084;369.31331009550155;16.956180097920708;569.187744140625;-33.91242557702503;0.0
558.7989501953125;0.0;0.0;0.0;-6.312118764491674e-05;0.0;6.312118764491674e-05;180.42927355835116;194.71106995772828;14.281796399377129;349.80608383820703;364.08788023758416;14.281796399377129;558.7989501953125;-28.563655919941993;0.0
560.6207275390625;0.0;0.0;0.0;-6.573925573505102e-05;0.0;6.573925573505102e-05;180.61315435881937;195.71389902983745;15.100744671018077;349.80608383820703;364.9068285092251;15.100744671018049;560.6207275390625;-30.201555081291872;0.0
561.699462890625;0.0;0.0;0.0;-6.55936120537913e-05;0.0;6.55936120537913e-05;180.61315435881937;195.48229418147008;14.869139822650709;351.3480288865042;366.2171687091549;14.869139822650709;561.699462890625;-29.73834523891344;0.0
569.672607421875;0.0;0.0;0.0;-6.535548903767642e-05;0.0;6.535548903767642e-05;182.91825394720271;200.11686759309708;17.19861364589437;352.35712999758084;369.5557398287779;17.198609831197075;569.672607421875;-34.39728883258044;0.0
563.2903442382812;0.0;0.0;0.0;-6.55936120537913e-05;0.0;6.55936120537913e-05;181.39484963061426;196.66858249119565;15.27373286058139;351.3480288865042;366.6217617470856;15.27373286058139;563.2903442382812;-30.5475313147748;0.0
373.15948486328125;0.0;0.0;0.0;-6.336899898732841e-05;0.0;6.336899898732841e-05;-0.0002501578143920885;0.0;0.0002501578143920885;348.5974337743765;373.15948486328125;24.562051088904752;373.15948486328125;-24.56236461571814;0.0
384.4696960449219;0.0;0.0;0.0;-6.55936120537913e-05;0.0;6.55936120537913e-05;-0.0002501578143920885;0.0;0.0002501578143920885;351.3480288865042;384.4696960449219;33.121667158417665;384.4696960449219;-33.12198290984412;0.0
384.1394958496094;0.0;0.0;0.0;-6.55936120537913e-05;0.0;6.55936120537913e-05;-0.0002501578143920885;0.0;0.0002501578143920885;351.3480288865042;384.1394958496094;32.791466963105165;384.1394958496094;-32.79178271453162;0.0
390.9145812988281;0.0;0.0;0.0;-6.54764031932892e-05;0.0;6.54764031932892e-05;-0.0002501578143920885;0.0;0.0002501578143920885;352.35712999758084;390.9145812988281;38.55745130124728;390.9145812988281;-38.55776693546488;0.0
375.9071960449219;0.0;0.0;0.0;-6.328901702619081e-05;0.0;6.328901702619081e-05;-0.0002501578143920885;0.0;0.0002501578143920885;348.5974337743765;375.9071960449219;27.309762270545377;375.9071960449219;-27.310075717376776;0.0
370.24591064453125;0.0;0.0;0.0;-6.083136141606138e-05;0.0;6.083136141606138e-05;-0.0002501578143920885;0.0;0.0002501578143920885;348.5974337743765;370.24591064453125;21.648476870154752;370.24591064453125;-21.648787859330582;0.0
362.1575012207031;0.0;0.0;0.0;-7.003061416026182e-05;0.0;7.003061416026182e-05;-0.0002501578143920885;0.0;0.0002501578143920885;347.00854167347876;362.1575012207031;15.148959547224365;362.1575012207031;-15.149279735652897;0.0
373.15948486328125;0.0;0.0;0.0;-6.336899898732841e-05;0.0;6.336899898732841e-05;-0.0002501578143920885;0.0;0.0002501578143920885;348.5974337743765;373.15948486328125;24.562051088904752;373.15948486328125;-24.56236461571814;0.0
378.1356506347656;0.0;0.0;0.0;-6.322152928324669e-05;0.0;6.322152928324669e-05;-0.0002501578143920885;0.0;0.0002501578143920885;348.5974337743765;378.1356506347656;29.538216860389127;378.1356506347656;-29.53853023973278;0.0
373.750732421875;0.0;0.0;0.0;-6.42625549291298e-05;0.0;6.42625549291298e-05;-0.0002501578143920885;0.0;0.0002501578143920885;352.3783342833155;373.750732421875;21.372398138559504;373.750732421875;-21.37271255892881;0.0
365.70367431640625;0.0;0.0;0.0;-6.461059170770194e-05;0.0;6.461059170770194e-05;-0.0002501578143920885;0.0;0.0002501578143920885;349.6277391711878;365.70367431640625;16.075935145218466;365.70367431640625;-16.076249913624565;0.0
366.84368896484375;0.0;0.0;0.0;-6.454310396475787e-05;0.0;6.454310396475787e-05;-0.0002501578143920885;0.0;0.0002501578143920885;349.6277391711878;366.84368896484375;17.215949793655966;366.84368896484375;-17.216264494574318;0.0
366.13873291015625;0.0;0.0;0.0;-6.461059170770194e-05;0.0;6.461059170770194e-05;-0.0002501578143920885;0.0;0.0002501578143920885;349.6277391711878;366.13873291015625;16.510993738968466;366.13873291015625;-16.511308507374565;0.0
359.3868713378906;0.0;0.0;0.0;-5.657379067726587e-05;0.0;5.657379067726587e-05;-0.0002501578143920885;0.0;0.0002501578143920885;349.6277391711878;359.3868713378906;9.759132166702841;359.3868713378906;-9.759438898307906;0.0
362.2937927246094;0.0;0.0;0.0;-5.9111428248532966e-05;0.0;5.9111428248532966e-05;-0.0002501578143920885;0.0;0.0002501578143920885;349.6277391711878;362.2937927246094;12.666053553421591;362.2937927246094;-12.666362822664212;0.0
358.8212585449219;0.0;0.0;0.0;-5.669144399331637e-05;0.0;5.669144399331637e-05;-0.0002501578143920885;0.0;0.0002501578143920885;349.6277391711878;358.8212585449219;9.193519373734091;358.8212585449219;-9.19382622299247;0.0
363.03887939453125;0.0;0.0;0.0;-5.9111428248532966e-05;0.0;5.9111428248532966e-05;-0.0002501578143920885;0.0;0.0002501578143920885;349.6277391711878;363.03887939453125;13.411140223343466;363.03887939453125;-13.411449492586087;0.0
376.8603210449219;0.0;0.0;0.0;-6.698572665878755e-05;0.0;6.698572665878755e-05;-0.0002501578143920885;0.0;0.0002501578143920885;353.3874353943921;376.8603210449219;23.472885650529747;376.8603210449219;-23.4732027940708;0.0
369.39111328125;0.0;0.0;0.0;-6.173487429813588e-05;0.0;6.173487429813588e-05;-0.0002501578143920885;0.0;0.0002501578143920885;350.8363892350183;369.39111328125;18.554724046231684;369.39111328125;-18.555035938920355;0.0
367.3603820800781;0.0;0.0;0.0;-6.454310396475787e-05;0.0;6.454310396475787e-05;-0.0002501578143920885;0.0;0.0002501578143920885;349.6277391711878;367.3603820800781;17.73264290889034;367.3603820800781;-17.732957609808693;0.0
362.2407531738281;0.0;0.0;0.0;-5.9111428248532966e-05;0.0;5.9111428248532966e-05;-0.0002501578143920885;0.0;0.0002501578143920885;349.6277391711878;362.2407531738281;12.613014002640341;362.2407531738281;-12.613323271882962;0.0
361.1200256347656;0.0;0.0;0.0;-5.640043573689039e-05;0.0;5.640043573689039e-05;-0.0002501578143920885;0.0;0.0002501578143920885;349.6277391711878;361.1200256347656;11.492286463577841;361.1200256347656;-11.492593021827986;0.0
360.9405212402344;0.0;0.0;0.0;-5.640043573689039e-05;0.0;5.640043573689039e-05;-0.0002501578143920885;0.0;0.0002501578143920885;349.6277391711878;360.9405212402344;11.312782069046591;360.9405212402344;-11.313088627296736;0.0
356.973388671875;0.0;0.0;0.0;-6.233424595605084e-05;0.0;6.233424595605084e-05;-0.0002501578143920885;0.0;0.0002501578143920885;348.4478216808283;356.973388671875;8.525566991046674;356.973388671875;-8.525879483107019;0.0
351.7147216796875;0.0;0.0;0.0;-5.730633633244568e-05;0.0;5.730633633244568e-05;-0.0002501578143920885;0.0;0.0002501578143920885;348.03884707029;351.7147216796875;3.6758746093975105;351.7147216796875;-3.6761820735482615;0.0
360.6129150390625;0.0;0.0;0.0;-5.645865949262084e-05;0.0;5.645865949262084e-05;-0.0002501578143920885;0.0;0.0002501578143920885;349.6277391711878;360.6129150390625;10.985175867874716;360.6129150390625;-10.985482484348609;0.0
360.6129150390625;0.0;0.0;0.0;-5.645865949262084e-05;0.0;5.645865949262084e-05;-0.0002501578143920885;0.0;0.0002501578143920885;349.6277391711878;360.6129150390625;10.985175867874716;360.6129150390625;-10.985482484348609;0.0
370.132568359375;0.0;0.0;0.0;-6.173487429813588e-05;0.0;6.173487429813588e-05;-0.0002501578143920885;0.0;0.0002501578143920885;350.8363892350183;370.132568359375;19.296179124356684;370.132568359375;-19.296491017045355;0.0
369.7457580566406;0.0;0.0;0.0;-6.173487429813588e-05;0.0;6.173487429813588e-05;-0.0002501578143920885;0.0;0.0002501578143920885;350.8363892350183;369.7457580566406;18.90936882162231;369.7457580566406;-18.90968071431098;0.0
368.06024169921875;0.0;0.0;0.0;-6.454310396475787e-05;0.0;6.454310396475787e-05;-0.0002501578143920885;0.0;0.0002501578143920885;349.6277391711878;368.06024169921875;18.432502528030966;368.06024169921875;-18.432817228949318;0.0
369.20379638671875;0.0;0.0;0.0;-6.173487429813588e-05;0.0;6.173487429813588e-05;-0.0002501578143920885;0.0;0.0002501578143920885;350.8363892350183;369.20379638671875;18.367407151700434;369.20379638671875;-18.367719044389105;0.0
0.0;0.0;0.0;0.0;-6.461059170770194e-05;0.0;6.461059170770194e-05;-0.0002501578143920885;0.0;0.0002501578143920885;4.591120249785382;0.0;-4.591120249785382;0.0;4.590805481379282;0.0
0.0;0.0;0.0;0.0;-6.461059170770194e-05;0.0;6.461059170770194e-05;-0.0002501578143920885;0.0;0.0002501578143920885;4.591120249785382;0.0;-4.591120249785382;0.0;4.590805481379282;0.0
0.0;0.0;0.0;0.0;-6.173487429813588e-05;0.0;6.173487429813588e-05;-0.0002501578143920885;0.0;0.0002501578143920885;4.591120249785382;0.0;-4.591120249785382;0.0;4.590808357096692;0.0
0.0;0.0;0.0;0.0;-6.173487429813588e-05;0.0;6.173487429813588e-05;-0.0002501578143920885;0.0;0.0002501578143920885;4.591120249785382;0.0;-4.591120249785382;0.0;4.590808357096692;0.0
0.0;0.0;0.0;0.0;-5.653189510132867e-05;0.0;5.653189510132867e-05;-0.0002501578143920885;0.0;0.0002501578143920885;4.591120249785382;0.0;-4.591120249785382;0.0;4.590813560075889;0.0
0.0;0.0;0.0;0.0;-5.951033380872387e-05;0.0;5.951033380872387e-05;-0.0002501578143920885;0.0;0.0002501578143920885;4.591120249785382;0.0;-4.591120249785382;0.0;4.590810581637181;0.0
0.0;0.0;0.0;0.0;-6.454310396475787e-05;0.0;6.454310396475787e-05;-0.0002501578143920885;0.0;0.0002501578143920885;4.591120249785382;0.0;-4.591120249785382;0.0;4.590805548867025;0.0
0.0;0.0;0.0;0.0;-6.173487429813588e-05;0.0;6.173487429813588e-05;-0.0002501578143920885;0.0;0.0002501578143920885;4.591120249785382;0.0;-4.591120249785382;0.0;4.590808357096692;0.0
0.0;0.0;0.0;0.0;-5.2190020524300656e-05;0.0;5.2190020524300656e-05;-0.0002501578143920885;0.0;0.0002501578143920885;4.591120249785382;0.0;-4.591120249785382;0.0;4.590817901950466;0.0
0.0;0.0;0.0;0.0;-5.830494677388076e-05;0.0;5.830494677388076e-05;-0.0002501578143920885;0.0;0.0002501578143920885;4.591120249785382;0.0;-4.591120249785382;0.0;4.590811787024216;0.0
0.0;0.0;0.0;0.0;-5.639155774914396e-05;0.0;5.639155774914396e-05;-0.0002501578143920885;0.0;0.0002501578143920885;4.591120249785382;0.0;-4.591120249785382;0.0;4.590813700413241;0.0
0.0;0.0;0.0;0.0;-5.4842789280212776e-05;0.0;5.4842789280212776e-05;-0.0002501578143920885;0.0;0.0002501578143920885;4.591120249785382;0.0;-4.591120249785382;0.0;4.590815249181709;0.0
0.0;0.0;0.0;0.0;-6.034195273938175e-05;0.0;6.034195273938175e-05;-0.0002501578143920885;0.0;0.0002501578143920885;4.591120249785382;0.0;-4.591120249785382;0.0;4.59080975001825;0.0
0.0;0.0;0.0;0.0;-6.027446499643764e-05;0.0;6.027446499643764e-05;-0.0002501578143920885;0.0;0.0002501578143920885;4.591120249785382;0.0;-4.591120249785382;0.0;4.590809817505994;0.0
0.0;0.0;0.0;0.0;-5.868007798552449e-05;0.0;5.868007798552449e-05;-0.0002501578143920885;0.0;0.0002501578143920885;4.591120249785382;0.0;-4.591120249785382;0.0;4.590811411893005;0.0
0.0;0.0;0.0;0.0;-5.844752478473456e-05;0.0;5.844752478473456e-05;-0.0002501578143920885;0.0;0.0002501578143920885;4.591120249785382;0.0;-4.591120249785382;0.0;4.590811644446205;0.0
356.0809020996094;0.0;0.0;0.0;-5.50164910915585e-05;0.0;5.50164910915585e-05;-0.0002501578143920885;0.0;0.0002501578143920885;349.8633410908521;356.0809020996094;6.217561008757286;356.0809020996094;-6.2178661830627675;0.0
365.32611083984375;0.0;0.0;0.0;-6.017412335810774e-05;0.0;6.017412335810774e-05;-0.0002501578143920885;0.0;0.0002501578143920885;351.0719911546826;365.32611083984375;14.254119685161129;365.32611083984375;-14.254430017098855;0.0
350.5849914550781;0.0;0.0;0.0;-5.844752478473456e-05;0.0;5.844752478473456e-05;-0.0002501578143920885;0.0;0.0002501578143920885;348.2744489899543;350.5849914550781;2.310542465123831;350.5849914550781;-2.310851070463002;0.0
328.0596923828125;0.0;0.0;0.0;-4.824001019243244e-05;0.0;4.824001019243244e-05;-0.0002501578143920885;0.0;0.0002501578143920885;346.369580738387;328.0596923828125;-18.309888355574515;328.0596923828125;18.30958995774995;0.0
324.9552307128906;0.0;0.0;0.0;-5.380644248357533e-05;0.0;5.380644248357533e-05;-0.0002501578143920885;0.0;0.0002501578143920885;346.369580738387;324.9552307128906;-21.41435002549639;324.9552307128906;21.414046061239503;0.0
327.64715576171875;0.0;0.0;0.0;-4.824001019243244e-05;0.0;4.824001019243244e-05;-0.0002501578143920885;0.0;0.0002501578143920885;346.369580738387;327.64715576171875;-18.722424976668265;327.64715576171875;18.7221265788437;0.0
330.6368103027344;0.0;0.0;0.0;-4.538678330649435e-05;0.0;4.538678330649435e-05;-0.0002501578143920885;0.0;0.0002501578143920885;346.369580738387;330.6368103027344;-15.73277043565264;330.6368103027344;15.732474891054949;0.0
331.479248046875;0.0;0.0;0.0;-4.538678330649435e-05;0.0;4.538678330649435e-05;-0.0002501578143920885;0.0;0.0002501578143920885;346.369580738387;331.479248046875;-14.890332691512015;331.479248046875;14.890037146914324;0.0
335.4304504394531;0.0;0.0;0.0;-5.3604943737134634e-05;0.0;5.3604943737134634e-05;-0.0002501578143920885;0.0;0.0002501578143920885;346.369580738387;335.4304504394531;-10.93913029893389;335.4304504394531;10.938826536175782;0.0
337.3406066894531;0.0;0.0;0.0;-5.639155774914396e-05;0.0;5.639155774914396e-05;-0.0002501578143920885;0.0;0.0002501578143920885;346.88509571579357;337.3406066894531;-9.544489026340443;337.3406066894531;9.544182476968274;0.0
336.298828125;0.0;0.0;0.0;-5.639155774914396e-05;0.0;5.639155774914396e-05;-0.0002501578143920885;0.0;0.0002501578143920885;346.369580738387;336.298828125;-10.070752613387015;336.298828125;10.070446064014845;0.0
334.4622802734375;0.0;0.0;0.0;-5.086652924903446e-05;0.0;5.086652924903446e-05;-0.0002501578143920885;0.0;0.0002501578143920885;346.369580738387;334.4622802734375;-11.907300464949515;334.4622802734375;11.906999440605887;0.0
333.2548828125;0.0;0.0;0.0;-4.814715471912244e-05;0.0;4.814715471912244e-05;-0.0002501578143920885;0.0;0.0002501578143920885;346.369580738387;333.2548828125;-13.114697925887015;333.2548828125;13.11439962091788;0.0
334.3326110839844;0.0;0.0;0.0;-5.086652924903446e-05;0.0;5.086652924903446e-05;-0.0002501578143920885;0.0;0.0002501578143920885;346.369580738387;334.3326110839844;-12.03696965440264;334.3326110839844;12.036668630059012;0.0
329.5035095214844;0.0;0.0;0.0;-4.824001019243244e-05;0.0;4.824001019243244e-05;-0.0002501578143920885;0.0;0.0002501578143920885;346.369580738387;329.5035095214844;-16.86607121690264;329.5035095214844;16.865772819078074;0.0
326.51837158203125;0.0;0.0;0.0;-4.824001019243244e-05;0.0;4.824001019243244e-05;-0.0002501578143920885;0.0;0.0002501578143920885;346.369580738387;326.51837158203125;-19.851209156355765;326.51837158203125;19.8509107585312;0.0
321.82342529296875;0.0;0.0;0.0;-5.380644248357533e-05;0.0;5.380644248357533e-05;-0.0002501578143920885;0.0;0.0002501578143920885;346.369580738387;321.82342529296875;-24.546155445418265;321.82342529296875;24.545851481161378;0.0
326.2261657714844;0.0;0.0;0.0;-4.824001019243244e-05;0.0;4.824001019243244e-05;-0.0002501578143920885;0.0;0.0002501578143920885;346.369580738387;326.2261657714844;-20.14341496690264;326.2261657714844;20.143116569078074;0.0
325.498779296875;0.0;0.0;0.0;-5.380644248357533e-05;0.0;5.380644248357533e-05;-0.0002501578143920885;0.0;0.0002501578143920885;346.369580738387;325.498779296875;-20.870801441512015;325.498779296875;20.870497477255128;0.0
326.2043151855469;0.0;0.0;0.0;-4.824001019243244e-05;0.0;4.824001019243244e-05;-0.0002501578143920885;0.0;0.0002501578143920885;346.369580738387;326.2043151855469;-20.16526555284014;326.2043151855469;20.164967155015574;0.0
321.4775390625;0.0;0.0;0.0;-5.380644248357533e-05;0.0;5.380644248357533e-05;-0.0002501578143920885;0.0;0.0002501578143920885;346.369580738387;321.4775390625;-24.892041675887015;321.4775390625;24.891737711630128;0.0
318.12933349609375;0.0;0.0;0.0;-5.380644248357533e-05;0.0;5.380644248357533e-05;-0.0002501578143920885;0.0;0.0002501578143920885;346.369580738387;318.12933349609375;-28.240247242293265;318.12933349609375;28.239943278036378;0.0
331.1067199707031;0.0;0.0;0.0;-4.538678330649435e-05;0.0;4.538678330649435e-05;-0.0002501578143920885;0.0;0.0002501578143920885;346.369580738387;331.1067199707031;-15.26286076768389;331.1067199707031;15.262565223086199;0.0
334.6249694824219;0.0;0.0;0.0;-2.9309391145805405e-05;0.0;2.9309391145805405e-05;-0.0002501578143920885;0.0;0.0002501578143920885;349.19742959037615;334.6249694824219;-14.57246010795427;334.6249694824219;14.57218064074874;0.0
348.17449951171875;0.0;0.0;0.0;-3.173965822803095e-05;0.0;3.173965822803095e-05;-0.0002501578143920885;0.0;0.0002501578143920885;352.24968522289674;348.17449951171875;-4.075185711177994;348.17449951171875;4.074903813705362;0.0
338.7892150878906;0.0;0.0;0.0;-2.914620298804567e-05;0.0;2.914620298804567e-05;-0.0002501578143920885;0.0;0.0002501578143920885;349.19742959037615;338.7892150878906;-10.40821450248552;338.7892150878906;10.407935198468124;0.0
333.83001708984375;0.0;0.0;0.0;-2.9309391145805405e-05;0.0;2.9309391145805405e-05;-0.0002501578143920885;0.0;0.0002501578143920885;349.19742959037615;333.83001708984375;-15.367412500532396;333.83001708984375;15.367133033326866;0.0
341.5273742675781;0.0;0.0;0.0;-3.467123148815517e-05;0.0;3.467123148815517e-05;-0.0002501578143920885;0.0;0.0002501578143920885;349.19742959037615;341.5273742675781;-7.670055322798021;341.5273742675781;7.669770493752139;0.0
349.6803894042969;0.0;0.0;0.0;-3.4471706998777924e-05;0.0;3.4471706998777924e-05;-0.0002501578143920885;0.0;0.0002501578143920885;352.24968522289674;349.6803894042969;-2.569295818599869;349.6803894042969;2.5690111890784806;0.0
355.6741638183594;0.0;0.0;0.0;-3.111530744252477e-05;0.0;3.111530744252477e-05;-0.0002501578143920885;0.0;0.0002501578143920885;353.37500560119565;355.6741638183594;2.299158217163722;355.6741638183594;-2.299439490285579;0.0
358.18389892578125;0.0;0.0;0.0;-3.6293369596674236e-05;0.0;3.6293369596674236e-05;-0.0002501578143920885;0.0;0.0002501578143920885;353.78398021173393;358.18389892578125;4.399918714047317;358.18389892578125;-4.400205165231284;0.0
355.3671875;0.0;0.0;0.0;-3.111530744252477e-05;0.0;3.111530744252477e-05;-0.0002501578143920885;0.0;0.0002501578143920885;353.37500560119565;355.3671875;1.992181898804347;355.3671875;-1.9924631719262038;0.0
354.2948303222656;0.0;0.0;0.0;-3.399124810541033e-05;0.0;3.399124810541033e-05;-0.0002501578143920885;0.0;0.0002501578143920885;353.37500560119565;354.2948303222656;0.9198247210699719;354.2948303222656;-0.9201088701324807;0.0
355.3671875;0.0;0.0;0.0;-3.111530744252477e-05;0.0;3.111530744252477e-05;-0.0002501578143920885;0.0;0.0002501578143920885;353.37500560119565;355.3671875;1.992181898804347;355.3671875;-1.9924631719262038;0.0
356.4825134277344;0.0;0.0;0.0;-3.37951602971675e-05;0.0;3.37951602971675e-05;-0.0002501578143920885;0.0;0.0002501578143920885;353.37500560119565;356.4825134277344;3.107507826538722;356.4825134277344;-3.107791779513434;0.0
357.17291259765625;0.0;0.0;0.0;-3.365038012503685e-05;0.0;3.365038012503685e-05;-0.0002501578143920885;0.0;0.0002501578143920885;353.37500560119565;357.17291259765625;3.797906996460597;357.17291259765625;-3.798190804655121;0.0
352.96539306640625;0.0;0.0;0.0;-3.687698580239281e-05;0.0;3.687698580239281e-05;-0.0002501578143920885;0.0;0.0002501578143920885;353.37500560119565;352.96539306640625;-0.40961253478940307;352.96539306640625;0.4093254999892224;0.0
349.3672790527344;0.0;0.0;0.0;-3.4471706998777924e-05;0.0;3.4471706998777924e-05;-0.0002501578143920885;0.0;0.0002501578143920885;352.24968522289674;349.3672790527344;-2.882406170162369;349.3672790527344;2.8821215406409806;0.0
356.97052001953125;0.0;0.0;0.0;-3.3726148199491086e-05;0.0;3.3726148199491086e-05;-0.0002501578143920885;0.0;0.0002501578143920885;353.37500560119565;356.97052001953125;3.595514418335597;356.97052001953125;-3.595798302298192;0.0
365.41448974609375;0.0;0.0;0.0;-5.2207772160948066e-05;0.0;5.2207772160948066e-05;-0.0002501578143920885;0.0;0.0002501578143920885;354.9638977020934;365.41448974609375;10.45059204400036;365.41448974609375;-10.450894409586908;0.0
364.08331298828125;0.0;0.0;0.0;-4.95391674080909e-05;0.0;4.95391674080909e-05;-0.0002501578143920885;0.0;0.0002501578143920885;354.9638977020934;364.08331298828125;9.11941528618786;364.08331298828125;-9.119714983169672;0.0
362.6834411621094;0.0;0.0;0.0;-4.95391674080909e-05;0.0;4.95391674080909e-05;-0.0002501578143920885;0.0;0.0002501578143920885;354.9638977020934;362.6834411621094;7.719543460015984;362.6834411621094;-7.719843156997797;0.0
372.26800537109375;0.0;0.0;0.0;-5.736766046934556e-05;0.0;5.736766046934556e-05;-0.0002501578143920885;0.0;0.0002501578143920885;356.1725477659239;372.26800537109375;16.095457605169827;372.26800537109375;-16.09576513064468;0.0
376.4473571777344;0.0;0.0;0.0;-5.720610221859435e-05;0.0;5.720610221859435e-05;-0.0002501578143920885;0.0;0.0002501578143920885;357.7144928142211;376.4473571777344;18.732864363513272;376.4473571777344;-18.733171727429863;0.0
371.53668212890625;0.0;0.0;0.0;-5.480686371892549e-05;0.0;5.480686371892549e-05;-0.0002501578143920885;0.0;0.0002501578143920885;356.1725477659239;371.53668212890625;15.364134362982327;371.53668212890625;-15.36443932766042;0.0
372.402099609375;0.0;0.0;0.0;-5.736766046934556e-05;0.0;5.736766046934556e-05;-0.0002501578143920885;0.0;0.0002501578143920885;356.1725477659239;372.402099609375;16.229551843451077;372.402099609375;-16.22985936892593;0.0
374.4012451171875;0.0;0.0;0.0;-5.720610221859435e-05;0.0;5.720610221859435e-05;-0.0002501578143920885;0.0;0.0002501578143920885;357.7144928142211;374.4012451171875;16.686752302966397;374.4012451171875;-16.687059666882988;0.0
378.8464050292969;0.0;0.0;0.0;-5.9929273948252106e-05;0.0;5.9929273948252106e-05;-0.0002501578143920885;0.0;0.0002501578143920885;358.7235939252977;378.8464050292969;20.122811103999197;378.8464050292969;-20.123121191087534;0.0
377.5787658691406;0.0;0.0;0.0;-5.9929273948252106e-05;0.0;5.9929273948252106e-05;-0.0002501578143920885;0.0;0.0002501578143920885;358.7235939252977;377.5787658691406;18.855171943842947;377.5787658691406;-18.855482030931284;0.0
371.6263122558594;0.0;0.0;0.0;-5.480686371892549e-05;0.0;5.480686371892549e-05;-0.0002501578143920885;0.0;0.0002501578143920885;356.1725477659239;371.6263122558594;15.453764489935452;371.6263122558594;-15.454069454613546;0.0
369.0255432128906;0.0;0.0;0.0;-5.4907205357255446e-05;0.0;5.4907205357255446e-05;-0.0002501578143920885;0.0;0.0002501578143920885;354.9638977020934;369.0255432128906;14.061645510797234;369.0255432128906;-14.06195057581698;0.0
373.7377624511719;0.0;0.0;0.0;-5.720610221859435e-05;0.0;5.720610221859435e-05;-0.0002501578143920885;0.0;0.0002501578143920885;357.7144928142211;373.7377624511719;16.023269636950772;373.7377624511719;-16.023577000867363;0.0
364.17974853515625;0.0;0.0;0.0;-5.222411887944458e-05;0.0;5.222411887944458e-05;-0.0002501578143920885;0.0;0.0002501578143920885;354.9638977020934;364.17974853515625;9.21585083306286;364.17974853515625;-9.216153214996154;0.0
362.2115478515625;0.0;0.0;0.0;-4.95391674080909e-05;0.0;4.95391674080909e-05;-0.0002501578143920885;0.0;0.0002501578143920885;354.9638977020934;362.2115478515625;7.247650149469109;362.2115478515625;-7.247949846450922;0.0
377.19097900390625;0.0;0.0;0.0;-5.844823375207802e-05;0.0;5.844823375207802e-05;-0.0002501578143920885;0.0;0.0002501578143920885;369.5971551533677;377.19097900390625;7.59382385053857;377.19097900390625;-7.594132456586692;0.0
379.4992980957031;0.0;0.0;0.0;-6.114766694838545e-05;0.0;6.114766694838545e-05;-0.0002501578143920885;0.0;0.0002501578143920885;369.5971551533677;379.4992980957031;9.902142942335445;379.4992980957031;-9.902454247816763;0.0
375.5537414550781;0.0;0.0;0.0;-5.577466820001844e-05;0.0;5.577466820001844e-05;-0.0002501578143920885;0.0;0.0002501578143920885;369.5971551533677;375.5537414550781;5.956586301710445;375.5537414550781;-5.956892234193049;0.0
371.74658203125;0.0;0.0;0.0;-5.601620202197124e-05;0.0;5.601620202197124e-05;-0.0002501578143920885;0.0;0.0002501578143920885;369.5971551533677;371.74658203125;2.14942687788232;371.74658203125;-2.1497330518987496;0.0
362.4593505859375;0.0;0.0;0.0;-5.42718682206753e-05;0.0;5.42718682206753e-05;-0.0002501578143920885;0.0;0.0002501578143920885;365.6648898347651;362.4593505859375;-3.2055392488276198;362.4593505859375;3.205234819145005;0.0
358.0306091308594;0.0;0.0;0.0;-5.732618110701744e-05;0.0;5.732618110701744e-05;-0.0002501578143920885;0.0;0.0002501578143920885;365.6648898347651;358.0306091308594;-7.634280703905745;358.0306091308594;7.633973219910217;0.0
360.3892517089844;0.0;0.0;0.0;-5.440305841892063e-05;0.0;5.440305841892063e-05;-0.0002501578143920885;0.0;0.0002501578143920885;365.6648898347651;360.3892517089844;-5.275638125780745;360.3892517089844;5.275333564907953;0.0
189.35641479492188;0.0;0.0;0.0;-5.6778388696938755e-05;0.0;5.6778388696938755e-05;-0.0002501578143920885;0.0;0.0002501578143920885;366.7902102130639;189.35641479492188;-177.43379541814204;189.35641479492188;177.43348848193892;0.0
190.66455078125;0.0;0.0;0.0;-5.389265099995627e-05;0.0;5.389265099995627e-05;-0.0002501578143920885;0.0;0.0002501578143920885;366.7902102130639;190.66455078125;-176.12565943181392;190.66455078125;176.12535538134853;0.0
187.234619140625;0.0;0.0;0.0;-5.42718682206753e-05;0.0;5.42718682206753e-05;-0.0002501578143920885;0.0;0.0002501578143920885;365.6648898347651;187.234619140625;-178.43027069414012;187.234619140625;178.4299662644575;0.0
187.234619140625;0.0;0.0;0.0;-5.42718682206753e-05;0.0;5.42718682206753e-05;-0.0002501578143920885;0.0;0.0002501578143920885;365.6648898347651;187.234619140625;-178.43027069414012;187.234619140625;178.4299662644575;0.0
191.37384033203125;0.0;0.0;0.0;-5.1016710337070666e-05;0.0;5.1016710337070666e-05;-0.0002501578143920885;0.0;0.0002501578143920885;366.7902102130639;191.37384033203125;-175.41636988103267;191.37384033203125;175.41606870650793;0.0
195.4886932373047;0.0;0.0;0.0;-5.321072507666735e-05;0.0;5.321072507666735e-05;-0.0002501578143920885;0.0;0.0002501578143920885;369.5971551533677;195.4886932373047;-174.108461916063;195.4886932373047;174.10815854752354;0.0
194.84982299804688;0.0;0.0;0.0;-6.165173342085966e-05;0.0;6.165173342085966e-05;-0.0002501578143920885;0.0;0.0002501578143920885;369.5971551533677;194.84982299804688;-174.7473321553208;194.84982299804688;174.74702034577297;0.0
195.39427185058594;0.0;0.0;0.0;-5.321072507666735e-05;0.0;5.321072507666735e-05;-0.0002501578143920885;0.0;0.0002501578143920885;369.5971551533677;195.39427185058594;-174.20288330278174;195.39427185058594;174.2025799342423;0.0
378.156494140625;0.0;0.0;0.0;-6.121515469132952e-05;0.0;6.121515469132952e-05;-0.0002501578143920885;0.0;0.0002501578143920885;369.5971551533677;378.156494140625;8.55933898725732;378.156494140625;-8.559650360226385;0.0
377.1935729980469;0.0;0.0;0.0;-5.844823375207802e-05;0.0;5.844823375207802e-05;-0.0002501578143920885;0.0;0.0002501578143920885;369.5971551533677;377.1935729980469;7.596417844679195;377.1935729980469;-7.596726450727317;0.0
384.1209716796875;0.0;0.0;0.0;-6.637285756272718e-05;0.0;6.637285756272718e-05;-0.0002501578143920885;0.0;0.0002501578143920885;370.80580521719827;384.1209716796875;13.31516646248923;384.1209716796875;-13.315482993161197;0.0
385.4597473144531;0.0;0.0;0.0;-6.626104520039695e-05;0.0;6.626104520039695e-05;-0.0002501578143920885;0.0;0.0002501578143920885;372.34775026549545;385.4597473144531;13.111997048957676;385.4597473144531;-13.112313467817273;0.0
386.4353332519531;0.0;0.0;0.0;-6.626104520039695e-05;0.0;6.626104520039695e-05;-0.0002501578143920885;0.0;0.0002501578143920885;372.34775026549545;386.4353332519531;14.087582986457676;386.4353332519531;-14.087899405317273;0.0
370.7422790527344;0.0;0.0;0.0;-5.89078872504955e-05;0.0;5.89078872504955e-05;-0.0002501578143920885;0.0;0.0002501578143920885;369.5971551533677;370.7422790527344;1.1451238993666948;370.7422790527344;-1.1454329650683235;0.0
373.552001953125;0.0;0.0;0.0;-5.5884104926142565e-05;0.0;5.5884104926142565e-05;-0.0002501578143920885;0.0;0.0002501578143920885;369.5971551533677;373.552001953125;3.95484679975732;373.552001953125;-3.955152841676636;0.0
396.1006164550781;0.0;0.0;0.0;-6.289816175241846e-05;0.0;6.289816175241846e-05;-0.0002501578143920885;0.0;0.0002501578143920885;373.3568513765721;396.1006164550781;22.743765078506044;396.1006164550781;-22.74407813448221;0.0
402.922607421875;0.0;0.0;0.0;-7.070393654380205e-05;0.0;7.070393654380205e-05;-0.0002501578143920885;0.0;0.0002501578143920885;379.6983585409421;402.922607421875;23.22424888093292;402.922607421875;-23.224569742683855;0.0
399.9856872558594;0.0;0.0;0.0;-6.803560316600456e-05;0.0;6.803560316600456e-05;-0.0002501578143920885;0.0;0.0002501578143920885;377.22467799975465;399.9856872558594;22.761009256104728;399.9856872558594;-22.761327449522298;0.0
396.1006164550781;0.0;0.0;0.0;-6.289816175241846e-05;0.0;6.289816175241846e-05;-0.0002501578143920885;0.0;0.0002501578143920885;373.3568513765721;396.1006164550781;22.743765078506044;396.1006164550781;-22.74407813448221;0.0
393.1966247558594;0.0;0.0;0.0;-6.609389173235307e-05;0.0;6.609389173235307e-05;-0.0002501578143920885;0.0;0.0002501578143920885;373.3568513765721;393.1966247558594;19.839773379287294;393.1966247558594;-19.84008963099342;0.0
396.22564697265625;0.0;0.0;0.0;-6.289816175241846e-05;0.0;6.289816175241846e-05;-0.0002501578143920885;0.0;0.0002501578143920885;373.3568513765721;396.22564697265625;22.86879559608417;396.22564697265625;-22.869108652060333;0.0
406.53619384765625;0.0;0.0;0.0;-7.330018923465745e-05;0.0;7.330018923465745e-05;-0.0002501578143920885;0.0;0.0002501578143920885;381.2650768536715;406.53619384765625;25.271116993984776;406.53619384765625;-25.271440451988383;0.0
578.4859619140625;0.0;0.0;0.0;-7.330018923465745e-05;0.0;7.330018923465745e-05;183.0271234985585;190.12400427947478;7.09688078091628;381.2650768536715;388.3619576345877;7.096880780916251;578.4859619140625;-14.193834862021731;0.0
594.9428100585938;0.0;0.0;0.0;-4.722294530397615e-05;0.0;4.722294530397615e-05;200.83917052152228;204.58516114372247;3.745990622200196;386.61165829267117;390.35764891487133;3.7459906222001678;594.9428100585938;-7.492028467345563;0.0
593.7652587890625;0.0;0.0;0.0;-5.011227311944516e-05;0.0;5.011227311944516e-05;200.74495243914157;204.8994610118682;4.154508572726627;384.7112892044676;388.86579777719425;4.154508572726627;593.7652587890625;-8.309067257726383;0.0
595.0037231445312;0.0;0.0;0.0;-4.722294530397615e-05;0.0;4.722294530397615e-05;200.83917052152228;204.61561774629587;3.776447224773591;386.61165829267117;390.38810539823544;3.776447105564273;595.0037231445312;-7.552941553283063;0.0
596.3546752929688;0.0;0.0;0.0;-4.714545218346632e-05;0.0;4.714545218346632e-05;202.3270387088507;206.03502785457414;3.7079891457234453;386.61165829267117;390.3196474383946;3.7079891457234453;596.3546752929688;-7.416025436899076;0.0
586.6690673828125;0.0;0.0;0.0;-4.5210803131666195e-05;0.0;4.5210803131666195e-05;196.91935203173244;202.65470396904644;5.735351937313993;378.2790114764521;384.0143634137661;5.735351937313965;586.6690673828125;-11.470749085431066;0.0
582.5032348632812;0.0;0.0;0.0;-4.556838789090959e-05;0.0;4.556838789090959e-05;194.11362038235177;200.08866702768057;5.975046645328803;376.4395211902718;382.4145678356006;5.975046645328803;582.5032348632812;-11.950138859045524;0.0
769.7055053710938;201.21167734303776;200.5252394948486;-0.686437848189172;-4.8416866423295284e-05;0.0;4.8416866423295284e-05;194.11362038235177;193.4271825341626;-0.686437848189172;376.4395211902718;375.7530833420826;-0.6864378481892004;769.7055053710938;2.05926512770111;0.0
590.5233154296875;198.2987208286664;206.19125729562245;7.892536466956045;-4.852128839075741e-05;0.0;4.852128839075741e-05;-0.0002501578143920885;0.0;0.0002501578143920885;376.4395211902718;384.332058134065;7.892536943793175;590.5233154296875;-15.785372089852103;0.0
589.5718994140625;194.70141162972254;203.91689492675664;9.215483297034098;-4.861650806149918e-05;0.0;4.861650806149918e-05;-0.0002501578143920885;0.0;0.0002501578143920885;376.4395211902718;385.6550044873059;9.215483297034098;589.5718994140625;-18.43126536839054;0.0
592.2554321289062;201.76274599449076;208.78932846656258;7.026582472071823;-4.814031117655503e-05;0.0;4.814031117655503e-05;-0.0002501578143920885;0.0;0.0002501578143920885;376.4395211902718;383.46610366234364;7.026582472071823;592.2554321289062;-14.053463242269231;0.0
596.1798706054688;209.25699376442637;212.38298700967218;3.125993245245809;-4.5057074524716977e-05;0.0;4.5057074524716977e-05;-0.0002501578143920885;0.0;0.0002501578143920885;380.67089035055074;383.79688359579654;3.125993245245809;596.1798706054688;-6.252281705380597;0.0
601.6717529296875;210.09001553907117;213.5252396321455;3.435224093074339;-4.73822510628435e-05;0.0;4.73822510628435e-05;-0.0002501578143920885;0.0;0.0002501578143920885;384.7112892044676;388.14651329754196;3.435224093074339;601.6717529296875;-6.870745726214182;0.0
606.0286865234375;210.139791569702;214.77840990023415;4.638618330532154;-4.714545218346632e-05;0.0;4.714545218346632e-05;-0.0002501578143920885;0.0;0.0002501578143920885;386.61165829267117;391.2502766232033;4.638618330532154;606.0286865234375;-9.277533964330928;0.0
606.2653198242188;210.139791569702;214.89672655062478;4.756934980922779;-4.714545218346632e-05;0.0;4.714545218346632e-05;-0.0002501578143920885;0.0;0.0002501578143920885;386.61165829267117;391.36859327359394;4.756934980922779;606.2653198242188;-9.514167265112178;0.0
605.0576171875;210.139791569702;214.2928752322654;4.153083662563404;-4.714545218346632e-05;0.0;4.714545218346632e-05;-0.0002501578143920885;0.0;0.0002501578143920885;386.61165829267117;390.76474195523457;4.153083662563404;605.0576171875;-8.306464628393428;0.0
599.072998046875;209.7584094362303;212.84341829568353;3.0850088594532394;-4.7516020428589705e-05;0.0;4.7516020428589705e-05;-0.0002501578143920885;0.0;0.0002501578143920885;383.14457089173817;386.2295797511914;3.0850088594532394;599.072998046875;-6.170315392741372;0.0
600.4979858398438;0.0;0.0;0.0;-5.239398720621693e-05;0.0;5.239398720621693e-05;204.56877185185397;207.29563763321752;2.726865781363557;390.4754824252627;393.20234820662625;2.7268657813635286;600.4979858398438;-5.453783956714233;0.0
604.0562744140625;0.0;0.0;0.0;-6.548211398287934e-05;0.0;6.548211398287934e-05;209.32011898153752;210.5706106975045;1.250491715966973;392.2351720005911;393.48566371655807;1.250491715966973;604.0562744140625;-2.501048914047942;0.0
603.6658325195312;0.0;0.0;0.0;-6.548211398287934e-05;0.0;6.548211398287934e-05;209.32011898153752;210.82636235936582;1.506243377828298;391.3332267823371;392.8394701601654;1.506243377828298;603.6658325195312;-3.0125522377707057;0.0
595.5985717773438;0.0;0.0;0.0;-4.714545218346632e-05;0.0;4.714545218346632e-05;201.548845799753;205.2678796422128;3.719033842459794;386.61165829267117;390.33069213513096;3.719033842459794;595.5985717773438;-7.438114830371774;0.0
593.97265625;0.0;0.0;0.0;-5.011227311944516e-05;0.0;5.011227311944516e-05;200.74495243914157;205.00315974233695;4.258207303195377;384.7112892044676;388.969496507663;4.258207303195377;593.97265625;-8.516464718663883;0.0
601.49609375;0.0;0.0;0.0;-5.500731120275604e-05;0.0;5.500731120275604e-05;206.18956492492583;208.60508812483152;2.4155231999056923;390.4754824252627;392.8910056251684;2.4155231999056923;601.49609375;-4.831101407122674;0.0
594.1698608398438;0.0;0.0;0.0;-5.001920756712813e-05;0.0;5.001920756712813e-05;200.74495243914157;205.10176203725882;4.356809598117252;384.7112892044676;389.06809880258487;4.356809598117252;594.1698608398438;-8.71366921544211;0.0
594.1170654296875;0.0;0.0;0.0;-5.001920756712813e-05;0.0;5.001920756712813e-05;200.74495243914157;205.0753643321807;4.330411893039127;384.7112892044676;389.04170109750675;4.330411893039127;594.1170654296875;-8.66087380528586;0.0
583.3428955078125;0.0;0.0;0.0;-4.814031117655503e-05;0.0;4.814031117655503e-05;194.69227542167604;200.7978248696084;6.105549447932361;376.4395211902718;382.54507063820415;6.105549447932333;583.3428955078125;-12.211147036175817;0.0
585.27734375;0.0;0.0;0.0;-4.8032656851832166e-05;0.0;4.8032656851832166e-05;196.66082514716507;202.74932385344664;6.08849870628157;376.4395211902718;382.52801989655336;6.088498706281541;585.27734375;-12.17704544521996;0.0
589.892333984375;0.0;0.0;0.0;-4.7516020428589705e-05;0.0;4.7516020428589705e-05;198.83215123362635;202.78995716313162;3.9578059295052697;383.14457089173817;387.1023768212434;3.9578059295052412;589.892333984375;-7.915659375030941;0.0
593.593505859375;0.0;0.0;0.0;-5.011227311944516e-05;0.0;5.011227311944516e-05;200.74495243914157;204.81358454702445;4.068632107882877;384.7112892044676;388.7799213123505;4.068632107882877;593.593505859375;-8.137314328038883;0.0
593.5570068359375;0.0;0.0;0.0;-5.011227311944516e-05;0.0;5.011227311944516e-05;200.74495243914157;204.7953350353057;4.050382596164127;384.7112892044676;388.76167180063175;4.050382596164127;593.5570068359375;-8.100815304601383;0.0
592.7881469726562;0.0;0.0;0.0;-5.011227311944516e-05;0.0;5.011227311944516e-05;200.74495243914157;204.41090510366507;3.665952664523502;384.7112892044676;388.3772418689911;3.665952664523502;592.7881469726562;-7.331955441320133;0.0
593.593505859375;0.0;0.0;0.0;-5.011227311944516e-05;0.0;5.011227311944516e-05;200.74495243914157;204.81358454702445;4.068632107882877;384.7112892044676;388.7799213123505;4.068632107882877;593.593505859375;-8.137314328038883;0.0
609.7951049804688;0.0;0.0;0.0;-5.004854731326666e-05;0.0;5.004854731326666e-05;214.73064869852126;218.60701563427315;3.8763669357518893;387.31172241044374;391.1880893461956;3.8763669357518893;609.7951049804688;-7.752783920051115;0.0
609.3806762695312;0.0;0.0;0.0;-5.2844809576418684e-05;0.0;5.2844809576418684e-05;214.73064869852126;218.3998012788044;3.6691525802831393;387.31172241044374;390.9808749907269;3.6691525802831393;609.3806762695312;-7.338358005375767;0.0
606.1096801757812;0.0;0.0;0.0;-5.033635791949753e-05;0.0;5.033635791949753e-05;214.54779767683806;217.45623687745245;2.9084392006143958;385.74500409771434;388.65344329832874;2.9084392006143958;606.1096801757812;-5.81692873758675;0.0
605.6939086914062;0.0;0.0;0.0;-5.034162243788021e-05;0.0;5.034162243788021e-05;214.54779767683806;217.24835113526495;2.7005534584268958;385.74500409771434;388.44555755614124;2.7005534584268958;605.6939086914062;-5.401157258476246;0.0
599.5214233398438;0.0;0.0;0.0;-5.084263672261157e-05;0.0;5.084263672261157e-05;207.92739912443676;213.9773736515317;6.049974527094946;379.4940751612171;385.54404968831204;6.049974527094946;599.5214233398438;-12.099999896826603;0.0
600.0179443359375;0.0;0.0;0.0;-5.358335490817351e-05;0.0;5.358335490817351e-05;209.3648957823059;214.94438247851315;5.579486696207255;379.4940751612171;385.07356185742435;5.579486696207255;600.0179443359375;-11.159026975769393;0.0
611.9474487304688;210.62436895803606;220.6191261205537;9.99475716251763;-5.0759995766418885e-05;0.0;5.0759995766418885e-05;-0.0002501578143920885;0.0;0.0002501578143920885;381.33356544739746;391.32832260991506;9.994757162517601;611.9474487304688;-19.989815242845452;0.0
618.984130859375;212.07267923252044;221.87254384072583;9.799864608205382;-5.293787512873567e-05;0.0;5.293787512873567e-05;-0.0002501578143920885;0.0;0.0002501578143920885;387.31172241044374;397.1115870186491;9.799864608205382;618.984130859375;-19.600032312100325;0.0
617.658203125;211.9164150333019;221.43094870484336;9.514533671541471;-5.033635791949753e-05;0.0;5.033635791949753e-05;-0.0002501578143920885;0.0;0.0002501578143920885;386.7127207486152;396.22725442015667;9.514533671541471;617.658203125;-19.029367837255222;0.0
625.22705078125;212.07267923252044;221.9966598486613;9.923980616140852;-4.987317181201764e-05;0.0;4.987317181201764e-05;-0.0002501578143920885;0.0;0.0002501578143920885;393.3064103164478;403.23039093258865;9.923980616140852;625.22705078125;-19.848261263268;0.0
624.7083740234375;212.07267923252044;221.73732146975505;9.664642237234602;-4.987317181201764e-05;0.0;4.987317181201764e-05;-0.0002501578143920885;0.0;0.0002501578143920885;393.3064103164478;402.9710525536824;9.664642237234602;624.7083740234375;-19.3295845054555;0.0
621.0819091796875;212.07267923252044;221.8532759164246;9.78059668390415;-4.997105419275683e-05;0.0;4.997105419275683e-05;-0.0002501578143920885;0.0;0.0002501578143920885;389.4480365793587;399.22863326326285;9.78059668390415;621.0819091796875;-19.561493496676917;0.0
621.638427734375;212.07267923252044;222.13153519376834;10.0588559612479;-4.997105419275683e-05;0.0;4.997105419275683e-05;-0.0002501578143920885;0.0;0.0002501578143920885;389.4480365793587;399.5068925406066;10.0588559612479;621.638427734375;-20.118012051364417;0.0
807.108642578125;212.09297567238855;204.8945008129982;-7.198474859390359;-6.308082533929982e-05;0.0;6.308082533929982e-05;220.70795432739695;213.5094794680066;-7.198474859390359;395.90313715651047;388.70466229712014;-7.1984748593903305;807.108642578125;21.59536149734572;0.0
636.8471069335938;213.03025948944088;195.56698451614622;-17.46327497329466;-6.706024224045656e-05;0.0;6.706024224045656e-05;226.7433973905902;209.28012241729556;-17.46327497329463;404.92432377695894;232.0;-172.92432377695894;636.8471069334418;207.85080666315412;-1.5199930203380063e-10
632.1373901367188;212.11062322408932;194.86953304442875;-17.241090179660574;-5.7025136246897435e-05;0.0;5.7025136246897435e-05;222.50894727380637;205.26785709414582;-17.241090179660546;399.2605497787294;231.9999999981442;-167.2605497805852;632.1373901367188;201.74267311477;0.0
636.5299682617188;213.03025948944088;195.40841518040475;-17.621844309036135;-6.706024224045656e-05;0.0;6.706024224045656e-05;226.7433973905902;209.12155308155408;-17.621844309036106;404.92432377695894;231.99999999975992;-172.92432377719902;636.5299682617188;208.16794533502912;0.0
638.7338256835938;213.03025948944088;196.252632297663;-16.777627191777867;-7.234916938975817e-05;0.0;7.234916938975817e-05;227.25882057373977;210.48119338196187;-16.777627191777896;406.0940421074345;232.0;-174.09404210743452;638.7338256796249;207.64922413785212;-3.968807504861616e-09
641.8863525390625;213.0760707558718;196.66414394479554;-16.411926811076256;-7.224264205671632e-05;0.0;7.224264205671632e-05;229.63413540284992;213.2222085917736;-16.411926811076313;406.0940421074345;232.0;-174.09404210743452;641.8863525365691;206.91782348445167;-2.4933797249104828e-09
634.4732055664062;212.44776065013946;194.9558656754906;-17.491894974648858;-6.738850437597684e-05;0.0;6.738850437597684e-05;225.00923486663157;207.5173398919827;-17.491894974648886;402.5792758995013;231.999999998933;-170.5792759005683;634.4732055664062;205.56299846136176;0.0
634.4732055664062;212.44776065013946;194.9558656754906;-17.491894974648858;-6.738850437597684e-05;0.0;6.738850437597684e-05;225.00923486663157;207.5173398919827;-17.491894974648886;402.5792758995013;231.999999998933;-170.5792759005683;634.4732055664062;205.56299846136176;0.0
635.1372680664062;212.44776065013946;195.02105399212417;-17.42670665801529;-6.720871429672115e-05;0.0;6.720871429672115e-05;225.54292073230818;208.1162140742929;-17.426706658015263;402.5792758995013;231.9999999999892;-170.57927589951208;635.1372680664062;205.4326220068283;0.0
633.4319458007812;212.13075433380683;195.34279394707008;-16.787960386736756;-7.330326446038434e-05;0.0;7.330326446038434e-05;222.8771122409345;206.0891518541977;-16.787960386736813;401.798642443048;231.99999999951345;-169.79864244353453;633.4319458007812;203.37448991374367;0.0
637.0641479492188;213.03025948944088;195.6755050243698;-17.354754465071068;-6.978266342874268e-05;0.0;6.978266342874268e-05;226.7433973905902;209.38864292551912;-17.354754465071068;404.92432377695894;231.9999999993298;-172.92432377762916;637.0641479492188;207.63376292510793;0.0
635.486328125;212.30759517991137;194.69556807079536;-17.612027109116013;-6.71352866743809e-05;0.0;6.71352866743809e-05;226.40278716521996;208.79076005610395;-17.612027109116013;403.1857059360781;231.9999999981007;-171.1857059379774;635.486328125;206.40969302092276;0.0
637.082275390625;213.03025948944088;195.68456874460182;-17.34569074483906;-6.978266342874268e-05;0.0;6.978266342874268e-05;226.7433973905902;209.39770664575107;-17.345690744839118;404.92432377695894;232.0;-172.92432377695894;637.0822753903528;207.61563548370168;-2.721662895055488e-10
643.6979370117188;212.91616354491106;196.39895013925855;-16.517213405652512;-7.202958557620632e-05;0.0;7.202958557620632e-05;231.81620027893484;215.2989868732823;-16.51721340565254;406.487441516573;231.99999999917796;-174.48744151739507;643.6979370117188;207.5217962991146;0.0
636.4634399414062;213.03025948944088;195.3751510200428;-17.655108469398073;-6.706024224045656e-05;0.0;6.706024224045656e-05;226.7433973905902;209.08828892119206;-17.65510846939813;404.92432377695894;232.0;-172.92432377695894;636.4634399412348;208.23447365534162;-1.7143975128419697e-10
631.7542724609375;212.09297567238855;194.68931543788668;-17.40366023450187;-6.006619490217215e-05;0.0;6.006619490217215e-05;222.46861725946525;205.06495702496332;-17.403660234501928;399.2605497787294;231.99999999808745;-167.26054978064195;631.7542724609375;202.06781018345077;0.0
631.0933837890625;212.09297567238855;195.17482616461868;-16.91814950776987;-6.018314753412942e-05;0.0;6.018314753412942e-05;220.83670713448248;203.91855762671253;-16.918149507769954;397.37359614758924;231.99999999773124;-165.373596149858;631.0933837890625;199.2098349822502;0.0
642.6968383789062;219.10194508960836;205.37516495726567;-13.726780132342697;-5.3566557278863337e-05;0.0;5.3566557278863337e-05;219.04845355184182;205.32167341949906;-13.726780132342753;398.92471776308906;232.0;-166.92471776308906;642.6968383767647;194.37822445907568;-2.141518962162081e-09
639.787109375;219.10194508960836;205.89249278997477;-13.209452299633597;-4.8532585099938106e-05;0.0;4.8532585099938106e-05;215.10406888249148;201.89461658285782;-13.209452299633654;398.0383553756931;232.0;-166.03835537569307;639.7871093728326;192.45721144020786;-2.1674395611626096e-09
644.4821166992188;219.11959264130914;206.09863225961533;-13.020960381693811;-5.046705870953704e-05;0.0;5.046705870953704e-05;219.4044448205527;206.38348443885883;-13.020960381693868;401.5136321982729;232.0;-169.5136321982729;644.4821166984741;195.55550249385726;-7.44648787076585e-10
645.9573974609375;219.29366213860106;206.15148213323178;-13.142180005369283;-5.545804350123838e-05;0.0;5.545804350123838e-05;220.9480953318167;207.80591532644738;-13.142180005369312;404.8323583190448;232.0;-172.83235831904477;645.9573974596792;199.1166628704816;-1.2582859199028462e-09
643.1978759765625;219.10194508960836;205.69529618930378;-13.406648900304589;-5.0668879473692945e-05;0.0;5.0668879473692945e-05;218.90922868444594;205.50257978414135;-13.406648900304589;398.92471776308906;232.0;-166.92471776308906;643.1978759734451;193.73796489170138;-3.117406777164433e-09
640.8256225585938;219.10194508960836;204.98199465202316;-14.119950437585203;-5.372762491959787e-05;0.0;5.372762491959787e-05;217.9635783435609;203.8436279059756;-14.119950437585288;398.66529910121955;232.0;-166.66529910121955;640.8256225579987;194.90514624817013;-5.950369086349383e-10
642.7716064453125;219.10194508960836;205.4125489908315;-13.689396098776854;-5.3566557278863337e-05;0.0;5.3566557278863337e-05;219.04845355184182;205.35905745306502;-13.689396098776797;398.92471776308906;232.0;-166.92471776308906;642.7716064438965;194.30345639266943;-1.4159695638227277e-09
647.5342407226562;219.36687971836125;206.32259122878403;-13.044288489577212;-5.782546161850327e-05;0.0;5.782546161850327e-05;222.25593798244842;209.2116494928712;-13.044288489577212;404.8323583190448;232.0;-172.83235831904477;647.5342407216552;198.9208774717365;-1.0010126061388291e-09
642.6636962890625;219.10194508960836;205.3585939148739;-13.743351174734471;-5.3566557278863337e-05;0.0;5.3566557278863337e-05;219.04845355184182;205.30510237710732;-13.7433511747345;398.92471776308906;231.99999999708132;-166.92471776600775;642.6636962890625;194.41136654891943;0.0
642.0399780273438;219.10194508960836;205.1480345105408;-13.953910579067553;-5.6351301485155833e-05;0.0;5.6351301485155833e-05;218.84585409738514;204.89194351831753;-13.95391057906761;398.8960997327674;231.99999999848546;-166.89609973428196;642.0399780273438;194.80386454111567;0.0
636.7138061523438;219.04828536852233;205.7046989471293;-13.343586421393042;-4.0356005320440775e-05;0.0;4.0356005320440775e-05;212.35269362808208;199.009107206689;-13.34358642139307;392.37061095549416;231.99999999852545;-160.3706109569687;636.7138061523438;187.05774344374947;0.0
653.6300048828125;220.18789095006412;207.73946616010716;-12.44842478995696;-6.0397729724028454e-05;0.0;6.0397729724028454e-05;226.33896351201483;213.89053872205784;-12.448424789956988;408.37431883625146;232.0;-176.37431883625146;653.6300048821649;201.27110801778826;-6.475602276623249e-10
662.107666015625;229.36641693663952;214.08900524345577;-15.277411693183751;-6.294179659645635e-05;0.0;6.294179659645635e-05;231.2960724652066;216.01866077202277;-15.277411693183836;411.1776285675774;232.0;-179.17762856757741;662.1076660154786;209.73238901200193;-1.4642864698544145e-10
661.7451782226562;229.3397512449696;213.89442850085973;-15.445322744109859;-6.01509035361941e-05;0.0;6.01509035361941e-05;231.2960724652066;215.85074972109678;-15.44532274410983;411.1776285675774;232.0;-179.17762856757741;661.7451782219565;210.06821390419384;-6.997424861765467e-10
656.1836547851562;220.16073050757217;207.9716635598432;-12.189066947728975;-5.7539650352247485e-05;0.0;5.7539650352247485e-05;228.4010581731454;216.21199122541637;-12.189066947729032;408.76771824539;231.9999999998966;-176.76771824549337;656.1836547851562;201.14579460130085;0.0
641.103271484375;219.10194508960836;205.12081911537848;-13.981125974229883;-5.372762491959787e-05;0.0;5.372762491959787e-05;217.9635783435609;203.98245236933093;-13.981125974229968;398.66529910121955;231.9999999996656;-166.66529910155396;641.103271484375;194.62749732238888;0.0
639.787109375;219.10194508960836;205.89249278997477;-13.209452299633597;-4.8532585099938106e-05;0.0;4.8532585099938106e-05;215.10406888249148;201.89461658285782;-13.209452299633654;398.0383553756931;232.0;-166.03835537569307;639.7871093728326;192.45721144020786;-2.1674395611626096e-09
641.2071533203125;219.10194508960836;205.1727600342972;-13.929185055311166;-5.372762491959787e-05;0.0;5.372762491959787e-05;217.9635783435609;204.0343932882497;-13.929185055311194;398.8960997327674;231.9999999977656;-166.89609973500183;641.2071533203125;194.7544161179992;0.0
641.3916625976562;219.10194508960836;204.82387679482466;-14.278068294783708;-5.6399226552438884e-05;0.0;5.6399226552438884e-05;218.84585409738514;204.56778580260135;-14.278068294783793;398.8960997327674;232.0;-166.89609973276742;641.391662597426;195.45217992287814;-2.3021584638627246e-10
640.5103149414062;219.10194508960836;205.62362189376086;-13.478323195847508;-5.1226161170464975e-05;0.0;5.1226161170464975e-05;216.36501624343373;202.8866930475862;-13.478323195847537;398.0383553756931;232.0;-166.03835537569307;640.510314941347;192.99495054116778;-5.923084245296195e-11
639.5582885742188;219.10194508960836;205.82375876396375;-13.278186325644612;-4.584084893653862e-05;0.0;4.584084893653862e-05;215.01271613493097;201.73452980928633;-13.27818632564464;398.0383553756931;232.0;-166.03835537569307;639.5582885732501;192.59468218516474;-9.686118573881686e-10
653.817138671875;220.1906864725204;207.83443081653397;-12.356255655986445;-6.0397729724028454e-05;0.0;6.0397729724028454e-05;226.33896351201483;213.98270785602833;-12.356255655986502;408.37431883625146;231.99999999931268;-176.37431883693878;653.817138671875;201.08676975118192;0.0
659.3912353515625;228.01459306511975;212.59474665304052;-15.419846412079238;-6.021388345539884e-05;0.0;6.021388345539884e-05;230.21633511138776;214.79648869930858;-15.419846412079181;409.9698850589302;231.99999999921346;-177.96988505971672;659.3912353515625;208.8095176699917;0.0
654.3866577148438;220.1906864725204;207.92038666886998;-12.270299803650431;-6.038387026839777e-05;0.0;6.038387026839777e-05;226.73657085037678;214.46627104672635;-12.270299803650431;408.37431883625146;231.99999999924745;-176.374318837004;654.3866577148438;200.91485806043465;0.0
644.7603759765625;219.11959264130914;206.21759689097888;-12.901995750330258;-4.751086818646098e-05;0.0;4.751086818646098e-05;219.4447748348938;206.54277908456353;-12.901995750330258;401.5136321982729;232.0;-169.5136321982729;644.7603759755424;195.31757618704512;-1.0201119948760606e-09
645.1022338867188;219.11959264130914;206.20444336256827;-12.91514927874087;-5.573394445008745e-05;0.0;5.573394445008745e-05;219.81293980202196;206.89779052328103;-12.915149278740927;404.0517248625914;232.0;-172.0517248625914;645.1022338858493;197.88196768525927;-8.694769348949194e-10
648.4445190429688;219.326381592176;206.30361623617387;-13.02276535600214;-5.782546161850327e-05;0.0;5.782546161850327e-05;223.1636681636293;210.14090280762713;-13.022765356002168;405.887692267531;231.99999999916778;-173.88769226836322;648.4445190429688;199.93316515490596;0.0
651.3433227539062;219.98561229019737;207.11122803118224;-12.87438425901513;-6.322584581813823e-05;0.0;6.322584581813823e-05;225.10647898137873;212.23209472236366;-12.874384259015073;408.37431883625146;232.0;-176.37431883625146;651.3433227535459;202.12302412807549;-3.603872755775228e-10
656.652587890625;220.7933998646316;208.5224647916297;-12.270935073001908;-6.0244370550045686e-05;0.0;6.0244370550045686e-05;228.4010581731454;216.13012310014346;-12.270935073001937;408.76771824539;231.99999999885188;-176.7677182465381;656.652587890625;201.30952814817147;0.0
656.6261596679688;222.22162962596917;209.0890748477408;-13.132554778228382;-6.0244370550045686e-05;0.0;6.0244370550045686e-05;228.6696396004536;215.53708482222515;-13.132554778228439;408.76771824539;231.99999999800278;-176.7677182473872;656.6261596679688;203.03276755947343;0.0
666.1202392578125;230.0641790648904;216.8735999218524;-13.190579143038008;-6.290258747583435e-05;0.0;6.290258747583435e-05;230.43721847718842;217.2466393341504;-13.190579143038036;411.1776285675774;232.0;-179.17762856757741;666.1202392560028;205.55872394925632;-1.809667082852684e-09
677.4689331054688;224.83122419180654;220.72359913426783;-4.107625057538712;-7.309520444019549e-05;0.0;7.309520444019549e-05;228.85295902893031;224.74533397139163;-4.107625057538684;409.43114009867054;231.99999999980935;-177.4311400988612;677.4689331054688;185.64631711873426;0.0
673.6900024414062;224.59651330891003;218.60863011773247;-5.987883191177559;-7.59559324798923e-05;0.0;7.59559324798923e-05;229.06925551395315;223.0813723227756;-5.987883191177559;409.195168247338;232.0;-177.19516824733802;673.6900024405081;189.17085867286255;-8.981260180007666e-10
672.4676513671875;224.55075355959255;217.9745747052581;-6.576178854334444;-7.871432514233925e-05;0.0;7.871432514233925e-05;229.06925551395315;222.49307665961868;-6.576178854334472;409.195168247338;232.0;-177.19516824733802;672.4676513648768;190.34744723937115;-2.310684976691846e-09
664.54248046875;218.58741094931742;210.91777842783802;-7.6696325214794;-7.32605705405857e-05;0.0;7.32605705405857e-05;229.29433456310085;221.6247020416214;-7.669632521479457;407.98742473869083;231.99999999929062;-175.9874247394002;664.54248046875;191.32661652178854;0.0
678.6378784179688;224.83122419180654;221.30807179102317;-3.523152400783374;-7.309520444019549e-05;0.0;7.309520444019549e-05;228.85295902893031;225.32980662814688;-3.523152400783431;409.43114009867054;231.99999999879867;-177.43114009987187;678.6378784179688;184.47737180623426;0.0
676.526123046875;224.83122419180654;220.25219410457026;-4.579030087236276;-7.309520444019549e-05;0.0;7.309520444019549e-05;228.85295902893031;224.27392894169404;-4.579030087236276;409.43114009867054;232.0;-177.43114009867054;676.5261230462643;186.589127177328;-6.107256922405213e-10
673.1580810546875;224.59651330891003;218.34266942468028;-6.253843884229752;-7.59559324798923e-05;0.0;7.59559324798923e-05;229.06925551395315;222.81541162972337;-6.253843884229781;409.195168247338;232.0;-177.19516824733802;673.1580810544036;189.7027800595813;-2.8387603379087523e-10
675.3636474609375;224.78399813335395;219.5969286817027;-5.18706945165124;-7.309520444019549e-05;0.0;7.309520444019549e-05;228.9537882330621;223.76671878141084;-5.1870694516512685;409.195168247338;231.99999999782395;-177.19516824951407;675.3636474609375;187.56923405761222;0.0
670.9050903320312;223.57921597267213;216.55711971887763;-7.022096253794501;-7.877481085652547e-05;0.0;7.877481085652547e-05;229.3700668690005;222.34797061520598;-7.02209625379453;409.195168247338;231.99999999794758;-177.19516824939043;670.9050903320312;191.23928198216856;0.0
670.0891723632812;223.57921597267213;216.14916073237484;-7.430055240297293;-7.877481085652547e-05;0.0;7.877481085652547e-05;229.3700668690005;221.94001162870322;-7.430055240297293;409.195168247338;232.0;-177.19516824733802;670.089172361078;192.05519995091856;-2.2032509150449187e-09
484.80047607421875;223.57921597267213;239.65521826646886;16.076002293796734;-7.871432514233925e-05;0.0;7.871432514233925e-05;229.06925551395315;245.14525780774986;16.076002293796705;4.591120249785382;0.0;-4.591120249785382;484.80047607421875;-27.560963052133275;0.0
485.3005065917969;223.6273856260924;239.92931835196805;16.301932725875645;-7.871432514233925e-05;0.0;7.871432514233925e-05;229.06925551395315;245.3711882398288;16.301932725875645;4.591120249785382;0.0;-4.591120249785382;485.3005065917969;-28.012823916291097;0.0
484.1510314941406;223.57921597267213;239.18009029890612;15.600874326233992;-7.877481085652547e-05;0.0;7.877481085652547e-05;229.3700668690005;244.9709411952345;15.600874326233992;4.591120249785382;0.0;-4.591120249785382;484.1510314941406;-26.610707177493452;0.0
667.336669921875;221.82960009244206;213.66476512969228;-8.16483496274978;-7.877481085652547e-05;0.0;7.877481085652547e-05;229.83673975455343;221.67190479180363;-8.164834962749808;409.195168247338;232.0;-177.19516824733802;667.336669921496;193.52475939764759;-3.7903191696386784e-10
666.2723999023438;219.72740365532;212.22512231021994;-7.5022813451000445;-7.323758625634759e-05;0.0;7.323758625634759e-05;229.5495589383184;222.04727759321833;-7.502281345100073;409.195168247338;231.9999999989055;-177.1951682484325;666.2723999023438;192.19965770104636;0.0
670.1460571289062;223.57921597267213;216.1776031157498;-7.401612856922327;-7.877481085652547e-05;0.0;7.877481085652547e-05;229.3700668690005;221.96845401207813;-7.401612856922384;409.195168247338;232.0;-177.19516824733802;670.1460571278279;191.99831518529356;-1.078319655789528e-09
671.7559814453125;223.65775480306172;217.17224036526588;-6.4855144377958425;-7.871432514233925e-05;0.0;7.871432514233925e-05;229.06925551395315;222.58374107615722;-6.485514437795928;409.195168247338;232.0;-177.19516824733802;671.755981441423;190.16611840471523;-3.889454092131928e-09
662.52587890625;215.6953162369377;208.58586592011534;-7.109450316822375;-7.329105763523254e-05;0.0;7.329105763523254e-05;229.04946330637193;221.94001298954953;-7.109450316822404;406.78525792515063;231.9999999965852;-174.78525792856544;662.52587890625;189.0040852711527;0.0
821.9234008789062;211.88463396705578;194.8126195917272;-17.072014375328564;201.36905055804576;184.29703618271725;-17.072014375328507;227.8857594796283;210.81374510429984;-17.07201437532845;406.78525792515063;232.0;-174.78525792515063;821.9234008787444;226.00130105097423;-1.6189005691558123e-10
820.467529296875;211.98751124847317;195.1356685130303;-16.851842735442858;200.76757437658125;183.91573164113836;-16.851842735442887;226.26797187584026;209.4161291403974;-16.851842735442858;406.3918585160121;232.0;-174.39185851601212;820.467529294566;224.94738672003177;-2.3089796741260216e-09
824.3118896484375;216.24497935049843;198.01717208154824;-18.227807268950187;201.70086879728146;183.47306152833127;-18.227807268950187;229.04946330637193;210.82165603742175;-18.227807268950187;406.78525792515063;232.0;-174.78525792515063;824.3118896473013;229.468679730865;-1.1361862561898306e-09
831.9469604492188;223.57921597267213;205.28588200310463;-18.2933339695675;201.87767951465406;183.58434554508656;-18.2933339695675;229.3700668690005;211.07673289943298;-18.293333969567527;409.195168247338;232.0;-177.19516824733802;831.9469604476242;232.0751701544459;-1.5945715858833864e-09
833.8577880859375;224.55075355959255;206.6577907873576;-17.892962772234938;201.91666732854623;184.02370455631132;-17.89296277223491;229.06925551395315;211.17629274171824;-17.89296277223491;409.195168247338;232.0;-177.19516824733802;833.8577880853871;230.87405656349256;-5.503579814103432e-10
837.0765991210938;224.83122419180654;207.97285105411018;-16.85837313769636;201.96753530942937;185.10916217173303;-16.858373137696333;228.85295902893031;211.99458589123398;-16.858373137696333;409.43114009867054;232.0;-177.43114009867054;837.0765991170772;228.00625950774293;-4.016555976704694e-09
839.1044921875;224.83122419180654;208.64881541066202;-16.182408781144517;201.96753530942937;185.7851265282849;-16.18240878114446;228.85295902893031;212.67055024778583;-16.18240878114449;409.43114009867054;232.0;-177.43114009867054;839.1044921867327;225.97836644133668;-7.672724677831866e-10
838.9714965820312;224.83122419180654;208.604483543881;-16.22674064792554;201.96753530942937;185.74079466150386;-16.22674064792551;228.85295902893031;212.62621838100483;-16.22674064792548;409.43114009867054;231.99999999564162;-177.43114010302892;838.9714965820312;226.11136204680543;0.0
836.3598022460938;224.7269785990594;207.63081196746637;-17.096166631593036;201.96753530942937;184.8713686778363;-17.096166631593064;228.9537882330621;211.85762160146908;-17.096166631593036;409.195168247338;231.99999999932203;-177.195168248016;836.3598022460938;228.48366814279507;0.0
834.3399047851562;224.59651330891003;206.84473018883412;-17.751783120075913;201.92948532509098;184.17770220501504;-17.75178312007594;229.06925551395315;211.31747239387724;-17.751783120075913;409.195168247338;231.99999999742994;-177.19516824990808;834.3399047851562;230.45051761013588;0.0
836.480712890625;224.78399813335395;207.70912853805885;-17.074869595295098;201.96753530942937;184.89266571413424;-17.074869595295127;228.9537882330621;211.87891863776704;-17.07486959529507;409.195168247338;232.0;-177.19516824733802;836.4807128899602;228.4197770325584;-6.648406269960105e-10
837.1103515625;224.83122419180654;207.98410186858433;-16.84712232322221;201.96753530942937;185.12041298620719;-16.84712232322218;228.85295902893031;212.00583670570816;-16.847122323222152;409.43114009867054;232.0;-177.43114009867054;837.1103515604997;227.97250706633668;-2.000319909711834e-09
844.2926635742188;224.8471217943406;210.3373079031635;-14.509813891177117;202.06868227258613;187.55886838140904;-14.509813891177089;228.90630118310034;214.39648729192322;-14.509813891177117;409.43114009867054;231.99999999772297;-177.43114010094757;844.2926635742188;220.9605817744789;0.0
845.5457763671875;221.55140601113035;209.05090813340067;-12.500497877729686;198.67799473355188;186.17749685582223;-12.500497877729657;230.81786925606033;218.3173713783307;-12.500497877729629;407.6303315270642;231.99999999963387;-175.63033152743031;845.5457763671875;213.13182516061943;0.0
